{
    "loss": 0.8293679356575012,
    "accuracy": 0.9422613978385925
}