{
    "loss": 0.26570138335227966,
    "accuracy": 0.9727345705032349
}